[
    {
        "slug": "monochromes",
        "name": "Monochromes",
        "intro": "A series of works focused strictly on the exploration of single colors and their emotional resonance.",
        "heroImage": "https://images.unsplash.com/photo-1541961017774-22349e4a1262?q=80&w=1600&auto=format&fit=crop"
    },
    {
        "slug": "digital-series",
        "name": "Digital Series",
        "intro": "Generative explorations linking environmental data to visual outputs.",
        "heroImage": "https://images.unsplash.com/photo-1550684848-fac1c5b4e853?q=80&w=1600&auto=format&fit=crop"
    }
]