[
    {
        "slug": "retrospective-2024",
        "title": "Echoes & Forms: A Retrospective",
        "venue": "Modern Gallery Space",
        "city": "New York",
        "country": "USA",
        "startDate": "2024-05-10",
        "endDate": "2024-06-25",
        "description": "A comprehensive look at the evolution of form and color over the past five years.",
        "images": [
            "https://images.unsplash.com/photo-1536924940846-227afb31e2a5?q=80&w=1200&auto=format&fit=crop"
        ],
        "pressLinks": []
    },
    {
        "slug": "generative-horizons",
        "title": "Generative Horizons",
        "venue": "TechArt Studio",
        "city": "London",
        "country": "UK",
        "startDate": "2025-02-01",
        "endDate": "2025-03-15",
        "description": "An upcoming exhibition featuring live algorithmic generation integrated with sound design.",
        "images": [
            "https://images.unsplash.com/photo-1518640467707-6811f4a6ab73?q=80&w=1200&auto=format&fit=crop"
        ],
        "pressLinks": [
            {
                "title": "Previewing the algorithmic art of tomorrow",
                "url": "https://example.com/press"
            }
        ]
    }
]